pid,isbn,large,small
11100821124,9789570530940,True,True
11100821125,9789570530872,True,True
11100820000,11100820000,True,True
11100820001,11100820001,True,True
11100820002,11100820002,True,True
11100820003,11100820003,True,True
11100820004,11100820004,True,True
11100820005,9789863564508,True,True
11100820006,9789863564515,True,True
11100820000,11100820000,True,True
11100820001,11100820001,True,True
11100820002,11100820002,True,True
11100820003,11100820003,True,True
11100820004,11100820004,True,True
11100820005,9789863564508,True,True
11100820006,9789863564515,True,True
11100820007,9789869120944,True,True
11100820008,9789869484923,True,True
11100820009,9789869484947,True,True
11100820010,11100820010,True,True
11100820011,9789620757167,True,True
11100820012,9789620756665,True,True
11100820013,9789620765889,True,True
11100820014,9789620757044,True,True
11100820015,9789620765612,True,True
11100820016,9789888463473,True,True
11100820017,9789888463589,True,True
11100820018,9789888463596,True,True
11100820019,9789888463404,True,True
11100820020,9789888463237,True,True
11100820021,9789888463244,True,True
11100820022,9789888463251,True,True
11100820023,9789888463534,True,True
11100820024,9789888463800,True,True
11100820025,9789888463817,True,True
11100820026,9789888463787,True,True
11100820027,9789888463381,True,True
11100820028,9789888463718,True,True
11100820029,9789620757143,True,True
11100820030,9789620757136,True,True
11100820031,9789620757112,True,True
11100820032,9789620757129,True,True
11100820033,9789620765834,True,True
11100820034,9789620757228,True,True
11100820035,9789620757204,True,True
11100820036,9789624591040,True,True
11100820037,9789620705045,True,True
11100820038,9789882370050,True,True
11100820039,9789882370180,True,True
11100820040,9789881902443,True,True
11100820041,9789866301995,True,True
11100820042,9573304473,True,True
11100820043,9789869509008,True,True
11100820044,9789863585244,True,True
11100820045,9789869246019,True,True
11100820046,9789863584971,True,True
11100820047,11100820047,True,True
11100820048,9789868748835,True,True
11100820049,9789868748811,True,True
11100820050,9789862743423,True,True
11100820051,9789862390900,True,True
11100820052,9789864792351,True,True
11100820053,9789864764716,True,True
11100820054,11100820054,True,True
11100820055,9789863733676,True,True
11100820056,9789863733782,True,True
11100820057,11100820057,True,True
11100820058,9789869465472,True,True
11100820059,11100820059,True,True
11100820060,11100820060,True,True
11100820061,11100820061,True,True
11100820062,11100820062,True,True
11100820063,11100820063,True,True
11100820064,11100820064,True,True
11100820065,9789869498005,True,True
11100820066,9789864723065,True,True
11100820067,11100820067,True,True
11100820068,9789864720774,True,True
11100820069,11100820069,True,True
11100820070,9789865668839,True,True
11100820071,9789861915579,True,True
11100820072,9789869447904,True,True
11100820073,9789864863211,True,True
11100820074,9789864826841,True,True
11100820075,9789864311798,True,True
11100820076,9789864623396,True,True
11100820077,9789864317516,True,True
11100820078,9789864860517,True,True
11100820079,9789864860623,True,True
11100820080,9789864627004,True,True
11100820081,9789864824496,True,True
11100820082,9789864827824,True,True
11100820083,9789864824755,True,True
11100820084,11100820084,True,True
11100820085,11100820085,True,True
11100820086,9789864826674,True,True
11100820087,9789864826759,True,True
11100820088,9789864862276,True,True
11100820089,9789864864690,True,True
11100820090,9789864864775,True,True
11100820091,9789864864553,True,True
11100820092,9789864862252,True,True
11100820093,9789864864836,True,True
11100820094,9789862893470,True,True
11100820095,9789864082940,True,True
11100820096,9789576630217,True,True
11100820097,9789863614289,True,True
11100820098,9789868541863,True,True
11100820099,9789864082957,True,True
11100820100,9789863614296,True,True
11100820101,9789864082964,True,True
11100820102,9789865613501,True,True
11100820103,9789865668877,True,True
11100820104,9789863614326,True,True
11100820105,9789863614333,True,True
11100820106,9789865752606,True,True
11100820107,9789869508209,True,True
11100820108,9789869499712,True,True
11100820109,11100820109,True,True
11100820110,11100820110,True,True
11100820111,11100820111,True,True
11100820112,11100820112,True,True
11100820113,9789577626141,True,True
11100820114,9789861615660,True,True
11100820115,11100820115,True,True
11100820116,9789861615585,True,True
11100820117,9789863023753,True,True
11100820118,9789869006620,True,True
11100820119,9789869510806,True,True
11100820120,11100820120,True,True
11100820121,11100820121,True,True
11100820122,11100820122,True,True
11100820123,11100820123,True,True
11100820124,11100820124,True,True
11100820125,11100820125,True,True
11100820126,11100820126,True,True
11100820127,11100820127,True,True
11100820128,11100820128,True,True
11100820129,11100820129,True,True
11100820130,11100820130,True,True
11100820131,11100820131,True,True
11100820132,11100820132,True,True
11100820133,11100820133,True,True
11100820134,11100820134,True,True
11100820135,9789860509779,True,True
11100820136,9789860518078,True,True
11100820137,9789860520491,True,True
11100820138,9789860523270,True,True
11100820139,9789860526783,True,True
11100820140,9789860527766,True,True
11100820141,9789860527780,True,True
11100820142,9789866475979,True,True
11100820143,9789866475986,True,True
11100820144,9789868048546,True,True
11100820145,9789868048560,True,True
11100820146,9789868048577,True,True
11100820147,9789860452648,True,True
11100820148,9789860464191,True,True
11100820149,9789860464306,True,True
11100820150,9789865624347,True,True
11100820151,9576483131,True,True
11100820152,9789579744232,True,True
11100820153,9789869376785,True,True
11100820154,9789863023791,True,True
11100820155,9789865601317,True,True
11100820156,9789863023746,True,True
11100820157,9789865601225,True,True
11100820158,9789865601454,True,True
11100820159,9789860527353,True,True
11100820160,9789865601447,True,True
11100820161,9789869496629,True,True
11100820162,9789865601379,True,True
11100820163,9789863502340,True,True
11100820164,9789864744114,True,True
11100820165,9789864744152,True,True
11100820166,9789864640768,True,True
11100820167,9789864744183,True,True
11100820168,9789864744169,True,True
11100820169,9789864744176,True,True
11100820170,9789864640843,True,True
11100820171,9789864640775,True,True
11100820172,9789864640904,True,True
11100820173,9789864640812,True,True
11100820174,9789864635566,True,True
11100820175,9789864640836,True,True
11100820176,9789864640867,True,True
11100820177,9789864640898,True,True
11100820178,9789864640980,True,True
11100820179,9789864635238,True,True
11100820180,9789864635337,True,True
11100820181,9789864635610,True,True
11100820182,9789864635207,True,True
11100820183,9789864635344,True,True
11100820184,9789864640928,True,True
11100820185,9789864635368,True,True
11100820186,9789864635719,True,True
11100820187,9789864635313,True,True
11100820188,9789864640942,True,True
11100820189,9789864635597,True,True
11100820190,9789864635627,True,True
11100820191,9789864635542,True,True
11100820192,9789864635733,True,True
11100820193,9789864640782,True,True
11100820194,9789864635436,True,True
11100820195,9789864635535,True,True
11100820196,9789864632497,True,True
11100820197,9789864635603,True,True
11100820198,9789864640850,True,True
11100820199,9789864640911,True,True
11100820200,9789864640577,True,True
11100820201,9789864640935,True,True
11100820202,9789864640881,True,True
11100820203,9789864640874,True,True
11100820204,9789864640799,True,True
11100820205,9789864635160,True,True
11100820206,9789864635320,True,True
11100820207,9789864631476,True,True
11100820208,9789864635504,True,True
11100820209,9789864634866,True,True
11100820210,9789864635726,True,True
11100820211,9789864634460,True,True
11100820212,9789864634804,True,True
11100820213,9789864635764,True,True
11100820214,9789865601096,True,True
11100820215,9789865601133,True,True
11100820216,9789865601430,True,True
11100820217,9789865601355,True,True
11100820218,9789865601072,True,True
11100820219,9789865604967,True,True
11100820220,9789865601164,True,True
11100820221,11100820221,True,True
11100820222,9789571370682,True,True
11100820223,9789571369723,True,True
11100820224,9789571370637,True,True
11100820225,9789863811572,True,True
11100820226,9789863811534,True,True
11100820227,9789863018070,True,True
11100820228,11100820228,True,True
11100820229,9789867283887,True,True
11100820230,9789867283894,True,True
11100820231,9789750220081,True,True
11100820232,9789869404655,True,True
11100820233,9789869493802,True,True
11100820234,9789869468794,True,True
11100820235,9789863811565,True,True
11100820236,9789863811558,True,True
11100820237,9789869465717,True,True
11100820238,9789864022038,True,True
11100820239,9789869467698,True,True
11100820240,9789869405249,True,True
11100820241,9789869515801,True,True
11100820242,9789864371327,True,True
11100820243,9789869354349,True,True
11100820244,9789869354387,True,True
11100820245,9789869354394,True,True
11100820246,9789866292910,True,True
11100820247,9789863017943,True,True
11100820248,9789571370651,True,True
11100820249,9789571370675,True,True
11100820250,11100820250,True,True
11100820251,9789864562879,True,True
11100820252,9789571370484,True,True
11100820253,9789571370620,True,True
11100820254,9789571370590,True,True
11100820255,9789862956953,True,True
11100820256,9789862957028,True,True
11100820257,9789862957011,True,True
11100820258,9789869503037,True,True
11100820259,9789869472388,True,True
11100820260,9789869503006,True,True
11100820261,9789863772767,True,True
11100820262,9789863772774,True,True
11100820263,9789865668112,True,True
11100820264,9789863772729,True,True
11100820265,9789864432684,True,True
11100820266,9789864432790,True,True
11100820267,9789864432653,True,True
11100820268,9789864432837,True,True
11100820269,9789864432769,True,True
11100820270,9789864432851,True,True
11100820271,9789864432660,True,True
11100820272,9789863361640,True,True
11100820273,9789863361848,True,True
11100820274,9789863361794,True,True
11100820275,9789861794686,True,True
11100820276,9789861794952,True,True
11100820277,9789861784229,True,True
11100820278,9789861784236,True,True
11100820279,9789869476959,True,True
11100820280,9789869476928,True,True
11100820281,11100820281,True,True
11100820282,9789578008946,True,True
11100820283,9789863453253,True,True
11100820284,9789863453215,True,True
11100820285,9789863185864,True,True
11100820286,9789863185970,True,True
11100820287,9789863185918,True,True
11100820288,11100820288,True,True
11100820289,11100820289,True,True
11100820290,11100820290,True,True
11100820291,11100820291,True,True
11100820292,11100820292,True,True
11100820293,11100820293,True,True
11100820294,11100820294,True,True
11100820295,11100820295,True,True
11100820296,11100820296,True,True
11100820297,9789860521108,True,True
11100820298,9789860523201,True,True
11100820299,9789860523218,True,True
11100820300,9789860523225,True,True
11100820301,9789860523232,True,True
11100820302,9789860523249,True,True
11100820303,9789860524284,True,True
11100820304,9789860527506,True,True
11100820305,9789576867439,True,True
11100820306,11100820306,True,True
11100820307,9789860528237,True,True
11100820308,9789887781851,True,True
11100820309,9789887781875,True,True
11100820310,9789887781844,True,True
11100820311,9576711347,True,True
11100820312,11100820312,True,True
11100820313,9789865668853,True,True
11100820314,11100820314,True,True
11100820315,9789866637995,True,True
11100820316,9789863023777,True,True
11100820317,9789864870745,True,True
11100820318,9789863749349,True,True
11100820319,9789864870493,True,True
11100820320,9789860527377,True,True
11100820321,9789863570950,True,True
11100820322,9575393767,True,True
11100820323,9575393708,True,True
11100820324,9575393694,True,True
11100820325,9575393651,True,True
11100820326,1844675165,True,True
11100820327,9789864554874,True,True
11100820328,9789864553990,True,True
11100820329,11100820329,True,True
11100820330,9789864554089,True,True
11100820331,9789869340656,True,True
11100820332,9789864554096,True,True
11100820333,9789869465366,True,True
11100820334,9789864554102,True,True
11100820335,9789863124337,True,True
11100820336,9789864554799,True,True
11100820337,9789864554164,True,True
11100820338,9789863124351,True,True
11100820339,9789864553952,True,True
11100820340,9789864554362,True,True
11100820341,9789864554218,True,True
11100820342,9789864554430,True,True
11100820343,9789864554355,True,True
11100820344,9789864554157,True,True
11100820345,9789864554300,True,True
11100820346,9789571192024,True,True
11100820347,9789571192093,True,True
11100820348,9789571191898,True,True
11100820349,9789571191911,True,True
11100820350,9789571191843,True,True
11100820351,9789571191997,True,True
11100820352,9789571191836,True,True
11100820353,9789571190297,True,True
11100820354,9789571075150,True,True
11100820355,9789571074665,True,True
11100820356,9789571075334,True,True
11100820357,9789571072562,True,True
11100820358,9789571073637,True,True
11100820359,9789571075433,True,True
11100820360,9789571075440,True,True
11100820361,9789571075570,True,True
11100820362,9789571075587,True,True
11100820363,9789571075686,True,True
11100820364,9789869449274,True,True
11100820365,9789869449281,True,True
11100820366,9789571075402,True,True
11100820367,9789571074511,True,True
11100820368,9789571075693,True,True
11100820369,9789571075167,True,True
11100820370,9789571075174,True,True
11100820371,9789571075181,True,True
11100820372,9789571076256,True,True
11100820373,9789571075921,True,True
11100820374,9789571076232,True,True
11100820375,9789571074559,True,True
11100820376,9789571075822,True,True
11100820377,9789571075662,True,True
11100820378,9789571075839,True,True
11100820379,9789869480642,True,True
11100820380,9789869480628,True,True
11100820381,9789864930630,True,True
11100820382,9789869487641,True,True
11100820383,9789862924730,True,True
11100820384,9789863287476,True,True
11100820385,9789863287483,True,True
11100820386,9789863287490,True,True
11100820387,11100820387,True,True
11100820388,9789869482455,True,True
11100820389,9789570849646,True,True
11100820390,9789864764518,True,True
11100820391,9789864702312,True,True
11100820392,9789864702015,True,True
11100820393,9789864829231,True,True
11100820394,9789864861521,True,True
11100820395,9789864863327,True,True
11100820396,9789864828197,True,True
11100820397,9789864824427,True,True
11100820398,9789864827411,True,True
11100820399,9789864862818,True,True
11100820400,9789864826421,True,True
11100820401,11100820401,True,True
11100820402,11100820402,True,True
11100820403,9789869461764,True,True
11100820404,9789866613906,True,True
11100820405,9789862969748,True,True
11100820406,9789862969755,True,True
11100820407,9789862969236,True,True
11100820408,9789862969762,True,True
11100820409,9789862969779,True,True
11100820410,9789862743218,True,True
11100820411,9789869501958,True,True
11100820412,9789862573594,True,True
11100820413,9789570849714,True,True
11100820414,9789869496049,True,True
11100820415,9789869499606,True,True
11100820416,9789869499637,True,True
11100820417,9789868973565,True,True
11100820418,9789869496032,True,True
11100820419,9789869499644,True,True
11100820420,9789868973558,True,True
11100820421,9789869496087,True,True
11100820422,9789869496117,True,True
11100820423,9789868973572,True,True
11100820424,9789869496094,True,True
11100820425,9789869496070,True,True
11100820426,9789869496131,True,True
11100820427,9789869496148,True,True
11100820428,9789579047135,True,True
11100820429,9789863570929,True,True
11100820430,9789573263586,True,True
11100820431,9789863124009,True,True
11100820432,9789888068715,True,True
11100820433,9789571168418,True,True
11100820434,9789869433778,True,True
11100820435,9789869433761,True,True
11100820436,11100820436,True,True
11100820437,11100820437,True,True
11100820438,11100820438,True,True
11100820439,11100820439,True,True
11100820440,11100820440,True,True
11100820441,11100820441,True,True
11100820442,11100820442,True,True
11100820443,11100820443,True,True
11100820444,11100820444,True,True
11100820445,11100820445,True,True
11100820446,11100820446,True,True
11100820447,9789860482928,True,True
11100820448,9789860498288,True,True
11100820449,9789860516159,True,True
11100820450,9789860516821,True,True
11100820451,9789860517835,True,True
11100820452,9789860522822,True,True
11100820453,9789860524000,True,True
11100820454,9789860527889,True,True
11100820455,9789863502449,True,True
11100820456,11100820456,True,True
11100820457,11100820457,True,True
11100820458,11100820458,True,True
11100820459,11100820459,True,True
11100820460,9789869284417,True,True
11100820461,9789574127863,True,True
11100820462,9789861915630,True,True
11100820463,9789576723940,True,True
11100820464,9789869467520,True,True
11100820465,9789869497336,True,True
11100820466,9789869416245,True,True
11100820467,9789869416269,True,True
11100820468,9789864540433,True,True
11100820469,9789869456951,True,True
11100820470,9789869469630,True,True
11100820471,9789869469654,True,True
11100820472,9789864792658,True,True
11100820473,9789864811502,True,True
11100820474,9789864811687,True,True
11100820475,9789864811694,True,True
11100820476,9789865994938,True,True
11100820477,9789865641900,True,True
11100820478,9789866608452,True,True
11100820479,9789869439299,True,True
11100820480,9789866608490,True,True
11100820481,9789869498234,True,True
11100820482,9789869507837,True,True
11100820483,11100820483,True,True
11100820484,11100820484,True,True
11100820485,9789869489164,True,True
11100820486,9789869493215,True,True
11100820487,9789577106988,True,True
11100820488,9789865859695,True,True
11100820489,9789869489133,True,True
11100820490,9789869489140,True,True
11100820491,9576350506,True,True
11100820492,9789865783716,True,True
11100820493,9789868802827,True,True
11100820494,11100820494,True,True
11100820495,9789866613883,True,True
11100820496,9789866613876,True,True
11100820497,9789864501342,True,True
11100820498,9789864501373,True,True
11100820499,9789864501380,True,True
11100820500,11100820500,True,True
11100820501,9789866385964,True,True
11100820502,9789864501397,True,True
11100820503,11100820503,True,True
11100820504,11100820504,True,True
11100820505,11100820505,True,True
11100820506,11100820506,True,True
11100820507,11100820507,True,True
11100820508,9789865760663,True,True
11100820509,11100820509,True,True
11100820510,11100820510,True,True
11100820511,9789864501366,True,True
11100820512,9789869430784,True,True
11100820513,9789864501403,True,True
11100820514,9789869308854,True,True
11100820515,9789869442008,True,True
11100820516,9789869490610,True,True
11100820517,9789868891227,True,True
11100820518,9789574161720,True,True
11100820519,9789864562893,True,True
11100820520,9789863193005,True,True
11100820521,9789881474117,True,True
11100820522,9789861994796,True,True
11100820523,9789862893463,True,True
11100820524,9789862893487,True,True
11100820525,9789869479769,True,True
11100820526,9789864082865,True,True
11100820527,9789864083039,True,True
11100820528,9789865752569,True,True
11100820529,9789862242728,True,True
11100820530,9789869479776,True,True
11100820531,9789861944340,True,True
11100820532,9789863502364,True,True
11100820533,9789869466844,True,True
11100820534,9789571463032,True,True
11100820535,9789571463070,True,True
11100820536,9789571463063,True,True
11100820537,9789571463049,True,True
11100820538,9789571463087,True,True
11100820539,9789869439466,True,True
11100820540,11100820540,True,True
11100820541,11100820541,True,True
11100820542,11100820542,True,True
11100820543,9789861441610,True,True
11100820544,9789864870608,True,True
11100820545,9789864870769,True,True
11100820546,9789864870431,True,True
11100820547,9789864870684,True,True
11100820548,9789864870509,True,True
11100820549,9789864870578,True,True
11100820550,9789864870714,True,True
11100820551,9789864870660,True,True
11100820552,11100820552,True,True
11100820553,11100820553,True,True
11100820554,11100820554,True,True
11100820555,11100820555,True,True
11100820556,11100820556,True,True
11100820557,11100820557,True,True
11100820558,9789862717783,True,True
11100820559,9789860459876,True,True
11100820560,9789869460637,True,True
11100820561,9789869460620,True,True
11100820562,9789869460354,True,True
11100820563,9789869503105,True,True
11100820564,9789869494670,True,True
11100820565,9789869494687,True,True
11100820566,9789869494663,True,True
11100820567,11100820567,True,True
11100820568,9576263808,True,True
11100820569,9576263824,True,True
11100820570,9573310198,True,True
11100820571,9789869482677,True,True
11100820572,9789861944357,True,True
11100820573,9789621444967,True,True
11100820574,9789866805189,True,True
11100820575,9579642389,True,True
11100820576,9789863585268,True,True
11100820577,9789869506328,True,True
11100820578,9789863585213,True,True
11100820579,9789869494694,True,True
11100820580,9789869494618,True,True
11100820581,9789863594147,True,True
11100820582,9789869417488,True,True
11100820583,9789863585176,True,True
11100820584,9789869500647,True,True
11100820585,9789865930363,True,True
11100820586,9789869423373,True,True
11100820587,9789863585183,True,True
11100820588,9789869135122,True,True
11100820589,9789863585237,True,True
11100820590,9789864744190,True,True
11100820591,9789864744213,True,True
11100820592,9789864744206,True,True
11100820593,9789864744220,True,True
11100820594,9789864744084,True,True
11100820595,11100820595,True,True
11100820596,9789864744244,True,True
11100820597,9789864744251,True,True
11100820598,9789864744237,True,True
11100820599,9789864744268,True,True
11100820600,9789864744329,True,True
11100820601,9789864743742,True,True
11100820602,9789864744305,True,True
11100820603,9789864744312,True,True
11100820604,9789864744299,True,True
11100820605,9789869435673,True,True
11100820606,9789869383110,True,True
11100820607,9789865757748,True,True
11100820608,9789571190969,True,True
11100820609,9789571191980,True,True
11100820610,9789573910237,True,True
11100820611,9789865739898,True,True
11100820612,9789864827015,True,True
11100820613,9789864820665,True,True
11100820614,9789864821280,True,True
11100820615,9789864829811,True,True
11100820616,9789864827732,True,True
11100820617,9789863375869,True,True
11100820618,9789864824946,True,True
11100820619,9789864700646,True,True
11100820620,9789864709908,True,True
11100820621,9789864821488,True,True
11100820622,9789864627288,True,True
11100820623,9789864829071,True,True
11100820624,9789864829101,True,True
11100820625,9789864707652,True,True
11100820626,9789864864713,True,True
11100820627,9789866256127,True,True
11100820628,9789866256110,True,True
11100820629,9789866256134,True,True
11100820630,9789861614670,True,True
11100820631,9789865756680,True,True
11100820632,9789869378765,True,True
11100820633,9771996683003,True,True
11100820634,9789869136693,True,True
11100820635,11100820635,True,True
11100820636,11100820636,True,True
11100820637,11100820637,True,True
11100820638,11100820638,True,True
11100820639,11100820639,True,True
11100820640,9789869473033,True,True
11100820641,9789869473095,True,True
11100820642,9789869494328,True,True
11100820643,9789869494311,True,True
11100820644,11100820644,True,True
11100820645,11100820645,True,True
11100820646,11100820646,True,True
11100820647,11100820647,True,True
11100820648,11100820648,True,True
11100820649,11100820649,True,True
11100820650,11100820650,True,True
11100820651,9789578008977,True,True
11100820652,9789578008960,True,True
11100820653,9789869460644,True,True
11100820654,9789881290175,True,True
11100820655,9789881290168,True,True
11100820656,9789869486576,True,True
11100820657,9789869516815,True,True
11100820658,9789869503112,True,True
11100820659,9789869494649,True,True
11100820660,9789869395595,True,True
11100820661,9789869460989,True,True
11100820662,9789863185871,True,True
11100820663,9789863594222,True,True
11100820664,9789863185956,True,True
11100820665,9789863594260,True,True
11100820666,9789887781882,True,True
11100820667,11100820667,True,True
11100820668,11100820668,True,True
11100820669,9789869470551,True,True
11100820670,11100820670,True,True
11100820671,11100820671,True,True
11100820672,9789576386961,True,True
11100820673,9789864800216,True,True
11100820674,9789864800247,True,True
11100820675,9789869507004,True,True
11100820676,11100820676,True,True
11100820677,11100820677,True,True
11100820678,11100820678,True,True
11100820679,11100820679,True,True
11100820680,9789869478045,True,True
11100820681,11100820681,True,True
11100820682,11100820682,True,True
11100820683,11100820683,True,True
11100820684,11100820684,True,True
11100820685,9789869229418,True,True
11100820686,9789864520879,True,True
11100820687,11100820687,True,True
11100820688,9789864520862,True,True
11100820689,11100820689,True,True
11100820690,9789861916842,True,True
11100820691,9789862821985,True,True
11100820692,9789864520893,True,True
11100820693,9789865812638,True,True
11100820694,9789864520909,True,True
11100820695,9789864520916,True,True
11100820696,9789864764662,True,True
11100820697,9789864764471,True,True
11100820698,9789864520923,True,True
11100820699,9789570849745,True,True
11100820700,9789862272244,True,True
11100820701,11100820701,True,True
11100820702,9789865930097,True,True
11100820703,9789862431535,True,True
11100820704,9789861336213,True,True
11100820705,9789861754659,True,True
11100820706,9789861754673,True,True
11100820707,9789861364940,True,True
11100820708,9789861336282,True,True
11100820709,9789861336268,True,True
11100820710,9789861336251,True,True
11100820711,9789861754666,True,True
11100820712,9789861343051,True,True
11100820713,9789861372396,True,True
11100820714,9789861364957,True,True
11100820715,9789861336275,True,True
11100820716,9789861336244,True,True
11100820717,9789869486132,True,True
11100820718,9789869448345,True,True
11100820719,9789863842163,True,True
11100820720,9789863842101,True,True
11100820721,9789863842156,True,True
11100820722,9789863842200,True,True
11100820723,9789869408875,True,True
11100820724,9789869480246,True,True
11100820725,9789866139635,True,True
11100820726,9789571370781,True,True
11100820727,11100820727,True,True
11100820728,9789571370804,True,True
11100820729,9789571370729,True,True
11100820730,9789866399633,True,True
11100820731,9789571370712,True,True
11100820732,9789864011742,True,True
11100820733,9789571370316,True,True
11100820734,9789864011827,True,True
11100820735,9789571370705,True,True
11100820736,9789864011735,True,True
11100820737,9789571370699,True,True
11100820738,9789864011773,True,True
11100820739,9789571370613,True,True
11100820740,9789869497268,True,True
11100820741,9789866081804,True,True
11100820742,9789863690603,True,True
11100820743,9789863811541,True,True
11100820744,9789869458078,True,True
11100820745,9789869481113,True,True
11100820746,11100820746,True,True
11100820747,9789863192671,True,True
11100820748,9789869481168,True,True
11100820749,9789869481182,True,True
11100820750,9789869498906,True,True
11100820751,9789869481175,True,True
11100820752,9789869506717,True,True
11100820753,9789869348164,True,True
11100820754,9789869348171,True,True
11100820755,9789865962357,True,True
11100820756,9789865962364,True,True
11100820757,9789865962371,True,True
11100820758,11100820758,True,True
11100820759,11100820759,True,True
11100820760,11100820760,True,True
11100820761,11100820761,True,True
11100820762,11100820762,True,True
11100820763,11100820763,True,True
11100820764,11100820764,True,True
11100820765,11100820765,True,True
11100820766,11100820766,True,True
11100820767,11100820767,True,True
11100820768,11100820768,True,True
11100820769,9789869102049,True,True
11100820770,9789574344260,True,True
11100820771,9789869494908,True,True
11100820772,9789865914813,True,True
11100820773,9789861336275,True,True
11100820774,9789869418539,True,True
11100820775,9789869418515,True,True
11100820776,9789869418522,True,True
11100820777,9789869419604,True,True
11100820778,9789869418553,True,True
11100820779,11100820779,True,True
11100820780,11100820780,True,True
11100820781,11100820781,True,True
11100820782,11100820782,True,True
11100820783,11100820783,True,True
11100820784,11100820784,True,True
11100820785,11100820785,True,True
11100820786,11100820786,True,True
11100820787,11100820787,True,True
11100820788,11100820788,True,True
11100820789,11100820789,True,True
11100820790,11100820790,True,True
11100820791,11100820791,True,True
11100820792,11100820792,True,True
11100820793,11100820793,True,True
11100820794,11100820794,True,True
11100820795,9784510600615,True,True
11100820796,9789860510591,True,True
11100820797,9789860522273,True,True
11100820798,9789860522396,True,True
11100820799,9789860524512,True,True
11100820800,9789860526516,True,True
11100820801,9789860526561,True,True
11100820802,9789860526653,True,True
11100820803,9789860526981,True,True
11100820804,9789860527445,True,True
11100820805,9789860528251,True,True
11100820806,11100820806,True,True
11100820807,9789869498340,True,True
11100820808,9789861519586,True,True
11100820809,9789861519593,True,True
11100820810,9789869488921,True,True
11100820811,9789869445160,True,True
11100820812,9789869445177,True,True
11100820813,9789869515115,True,True
11100820814,9789864792610,True,True
11100820815,9789864792672,True,True
11100820816,9789864764860,True,True
11100820817,9789862969670,True,True
11100820818,9789862969687,True,True
11100820819,9789862969717,True,True
11100820820,9789862969724,True,True
11100820821,9789869483711,True,True
11100820822,9789576098567,True,True
11100820823,9789573280446,True,True
11100820824,11100820824,True,True
11100820825,9789573280439,True,True
11100820826,11100820826,True,True
11100820827,9789869506212,True,True
11100820828,9789573280354,True,True
11100820829,9789577626134,True,True
11100820830,9789573280361,True,True
11100820831,9789869339384,True,True
11100820832,9789861615622,True,True
11100820833,9789573280460,True,True
11100820834,9789571075785,True,True
11100820835,9789571075631,True,True
11100820836,9789571073323,True,True
11100820837,9789571075983,True,True
11100820838,9789571076195,True,True
11100820839,9789571075815,True,True
11100820840,11100820840,True,True
11100820841,9789571075228,True,True
11100820842,9789571076218,True,True
11100820843,9789865668860,True,True
11100820844,9789861615653,True,True
11100820845,9789869491617,True,True
11100820846,9789861615646,True,True
11100820847,9789864611195,True,True
11100820848,9789573280347,True,True
11100820849,9789861615639,True,True
11100820850,9789869515108,True,True
11100820851,9789864060894,True,True
11100820852,9789864611133,True,True
11100820853,9789573280408,True,True
11100820854,9789861615615,True,True
11100820855,9789864611140,True,True
11100820856,9789570328363,True,True
11100820857,9789573280415,True,True
11100820858,9789577800602,True,True
11100820859,9789869285094,True,True
11100820860,9789573280422,True,True
11100820861,9577372422,True,True
11100820862,9789869410946,True,True
11100820863,11100820863,True,True
11100820864,9789574346196,True,True
11100820865,9789869397704,True,True
11100820866,9789573280323,True,True
11100820867,9789869512107,True,True
11100820868,9789573280392,True,True
11100820869,9789862717684,True,True
11100820870,9789862123324,True,True
11100820871,9789862123331,True,True
11100820872,9789573280385,True,True
11100820873,9789573280279,True,True
11100820874,11100820874,True,True
11100820875,11100820875,True,True
11100820876,11100820876,True,True
11100820877,9789862486597,True,True
11100820878,11100820878,True,True
11100820879,9789573280187,True,True
11100820880,9789862486399,True,True
11100820881,9789862486610,True,True
11100820882,9789869501835,True,True
11100820883,9789573280170,True,True
11100820884,9789862486603,True,True
11100820885,9789869476775,True,True
11100820886,9789865601348,True,True
11100820887,9789869507714,True,True
11100820888,9789869507707,True,True
11100820889,9789869495080,True,True
11100820890,9789869445047,True,True
11100820891,9789869481359,True,True
11100820892,9789869481311,True,True
11100820893,11100820893,True,True
11100820894,11100820894,True,True
11100820895,11100820895,True,True
11100820896,11100820896,True,True
11100820897,11100820897,True,True
11100820898,9789862867273,True,True
11100820899,9789865601126,True,True
11100820900,9789577325495,True,True
11100820901,9789865601256,True,True
11100820902,9789863871859,True,True
11100820903,9789865601232,True,True
11100820904,9789862486580,True,True
11100820905,9789864621194,True,True
11100820906,9789864860357,True,True
11100820907,9789864865031,True,True
11100820908,9789864312061,True,True
11100820909,9789864628483,True,True
11100820910,11100820910,True,True
11100820911,9789864621446,True,True
11100820912,9789864707911,True,True
11100820913,11100820913,True,True
11100820914,9789864865819,True,True
11100820915,11100820915,True,True
11100820916,9789865601478,True,True
11100820917,9789862486566,True,True
11100820918,9789862486573,True,True
11100820919,9789865601201,True,True
11100820920,9789865601423,True,True
11100820921,9789869478144,True,True
11100820922,9789869478120,True,True
11100820923,9789865601089,True,True
11100820924,9789865601461,True,True
11100820925,9789863287506,True,True
11100820926,9789864900282,True,True
11100820927,9789863287513,True,True
11100820928,9789865601287,True,True
11100820929,9789869501941,True,True
11100820930,11100820930,True,True
11100820931,11100820931,True,True
11100820932,11100820932,True,True
11100820933,9789869495073,True,True
11100820934,9789869501910,True,True
11100820935,9789869455572,True,True
11100820936,9789865921675,True,True
11100820937,9789863893769,True,True
11100820938,9789863893776,True,True
11100820939,9789863893752,True,True
11100820940,9789863893783,True,True
11100820941,9789863893790,True,True
11100820942,9789864342273,True,True
11100820943,9789864342280,True,True
11100820944,9789863428671,True,True
11100820945,9789863428510,True,True
11100820946,9789862138076,True,True
11100820947,9789864792665,True,True
11100820948,9789864792627,True,True
11100820949,9789887784500,True,True
11100820950,9789863428725,True,True
11100820951,9789869496155,True,True
11100820952,9789869499613,True,True
11100820953,9789869496056,True,True
11100820954,9789869496186,True,True
11100820955,9789868973589,True,True
11100820956,9789869496124,True,True
11100820957,9789869496001,True,True
11100820958,9789869496100,True,True
11100820959,9789869496193,True,True
11100820960,9789869496063,True,True
11100820961,9789869496025,True,True
11100820962,9789869496162,True,True
11100820963,9789869496018,True,True
11100820964,9789868973596,True,True
11100820965,9789869499620,True,True
11100820966,9789869496179,True,True
11100820967,9789863428596,True,True
11100820968,9789863428633,True,True
11100820969,9789863428626,True,True
11100820970,9789862969656,True,True
11100820971,9789862969663,True,True
11100820972,9789862969694,True,True
11100820973,9789862969700,True,True
11100820974,9789863264460,True,True
11100820975,9789863428619,True,True
11100820976,9789864670864,True,True
11100820977,9789864670871,True,True
11100820978,9789864670888,True,True
11100820979,9789869498050,True,True
11100820980,9789863264446,True,True
11100820981,11100820981,True,True
11100820982,11100820982,True,True
11100820983,11100820983,True,True
11100820984,11100820984,True,True
11100820985,9789869495431,True,True
11100820986,9789869501828,True,True
11100820987,9789860527421,True,True
11100820988,9789869476782,True,True
11100820989,9789869477468,True,True
11100820990,9789869477475,True,True
11100820991,9789864870851,True,True
11100820992,9789864870516,True,True
11100820993,9789864870615,True,True
11100820994,9789864870677,True,True
11100820995,9789864870561,True,True
11100820996,9789864870820,True,True
11100820997,9789864870547,True,True
11100820998,9789864870752,True,True
11100820999,9789869477482,True,True
11100821000,9789869479790,True,True
11100821001,9789869501811,True,True
11100821002,9789869229029,True,True
11100821003,9789578523876,True,True
11100821004,9789869443951,True,True
11100821005,9789864754281,True,True
11100821006,9789869426770,True,True
11100821007,9789869468787,True,True
11100821008,9789869481137,True,True
11100821009,9789866055997,True,True
11100821010,9789869493819,True,True
11100821011,11100821011,True,True
11100821012,9789861545462,True,True
11100821013,9789869506915,True,True
11100821014,9789862272275,True,True
11100821015,9789864060955,True,True
11100821016,9789864562909,True,True
11100821017,9789864490844,True,True
11100821018,9789869482790,True,True
11100821019,9789864490837,True,True
11100821020,9789869460279,True,True
11100821021,9789869460248,True,True
11100821022,9789862117224,True,True
11100821023,9789862117392,True,True
11100821024,9789862117262,True,True
11100821025,9789862117446,True,True
11100821026,9789869460286,True,True
11100821027,9789869460255,True,True
11100821028,9789869451161,True,True
11100821029,9789862117279,True,True
11100821030,9789862117347,True,True
11100821031,9789869460262,True,True
11100821032,9789574307876,True,True
11100821033,9789862117255,True,True
11100821034,11100821034,True,True
11100821035,9789862117231,True,True
11100821036,9789620441530,True,True
11100821037,9789620441523,True,True
11100821038,9789621463678,True,True
11100821039,9789620441196,True,True
11100821040,9789620705021,True,True
11100821041,9789620441646,True,True
11100821042,9789620441134,True,True
11100821043,9789620441462,True,True
11100821044,9789620441431,True,True
11100821045,9789621463234,True,True
11100821046,9789621463593,True,True
11100821047,9789621463609,True,True
11100821048,9789621463654,True,True
11100821049,9789620745546,True,True
11100821050,9789620441479,True,True
11100821051,9789620441486,True,True
11100821052,9789621463852,True,True
11100821053,9789620765940,True,True
11100821054,9789620441578,True,True
11100821055,11100821055,True,True
11100821056,9789869452502,True,True
11100821057,9789869452519,True,True
11100821058,9789869452526,True,True
11100821059,9789869452533,True,True
11100821060,9789578009004,True,True
11100821061,9789578009028,True,True
11100821062,9789864780907,True,True
11100821063,9789864780914,True,True
11100821064,9789864780921,True,True
11100821065,9789864780839,True,True
11100821066,9789864780822,True,True
11100821067,9789864780792,True,True
11100821068,9789864780631,True,True
11100821069,9789864780570,True,True
11100821070,9789864554881,True,True
11100821071,9789869450485,True,True
11100821072,9789866034909,True,True
11100821073,9789866034916,True,True
11100821074,9789864551644,True,True
11100821075,9789865608606,True,True
11100821076,9789869440516,True,True
11100821077,9789863124290,True,True
11100821078,9789865608378,True,True
11100821079,9789866034923,True,True
11100821080,9789863124535,True,True
11100821081,9789869506809,True,True
11100821082,9789573280453,True,True
11100821083,9789864554829,True,True
11100821084,9789864553594,True,True
11100821085,9789864553112,True,True
11100821086,9789864554393,True,True
11100821087,9789864554843,True,True
11100821088,9789864554621,True,True
11100821089,9789864554638,True,True
11100821090,9789864554645,True,True
11100821091,9789864554782,True,True
11100821092,9789864554553,True,True
11100821093,9789864554423,True,True
11100821094,9789869187664,True,True
11100821095,9789869454926,True,True
11100821096,9789869431897,True,True
11100821097,9789869492911,True,True
11100821098,11100821098,True,True
11100821099,11100821099,True,True
11100821100,11100821100,True,True
11100821101,11100821101,True,True
11100821102,11100821102,True,True
11100821103,11100821103,True,True
11100821104,11100821104,True,True
11100821105,9789863564539,True,True
11100821106,11100821106,True,True
11100821107,11100821107,True,True
11100821108,11100821108,True,True
11100821109,11100821109,True,True
11100821110,9789573333173,True,True
11100821111,11100821111,True,True
11100821112,9789869462389,True,True
11100821113,9789869462396,True,True
11100821114,9789869484961,True,True
11100821115,9789863982715,True,True
11100821116,9789863982722,True,True
11100821117,9789863982739,True,True
11100821118,9789862138052,True,True
11100821119,9789862138069,True,True
11100821120,9789869383523,True,True
11100821121,9789867637932,True,True
11100821122,9789864792702,True,True
11100821123,9789869511506,True,True
11100821124,9789570530940,True,True
11100821125,9789570530872,True,True
11100821126,9789574516308,True,True
11100821127,9789869470599,True,True
11100821128,9789865668891,True,True
11100821129,9789869466882,True,True
11100821130,9789869482684,True,True
11100821131,9789869510813,True,True
11100821132,9789864342310,True,True
11100821133,9789572246412,True,True
11100821134,9789570530933,True,True
11100821135,9789570530957,True,True
11100821136,9789572246436,True,True
11100821137,9575700072,True,True
11100821138,9789869063586,True,True
11100821139,9789572246429,True,True
11100821140,9789570530926,True,True
11100821141,9789863585282,True,True
11100821142,9573307960,True,True
11100821143,11100821143,True,True
11100821144,11100821144,True,True
11100821145,9789864811526,True,True
11100821146,11100821146,True,True
11100821147,9789864811823,True,True
11100821148,11100821148,True,True
11100821149,11100821149,True,True
11100821150,11100821150,True,True
11100821151,11100821151,True,True
11100821152,9789864811632,True,True
11100821153,9789864811700,True,True
11100821154,9789861898100,True,True
11100821155,9789864811717,True,True
11100821156,9789573333166,True,True
11100821157,11100821157,True,True
11100821158,11100821158,True,True
11100821159,11100821159,True,True
11100821160,11100821160,True,True
11100821161,11100821161,True,True
11100821162,11100821162,True,True
11100821163,9789869477031,True,True
11100821164,9789869474221,True,True
11100821165,9789869468374,True,True
11100821166,9789869468398,True,True
11100821167,9789869468381,True,True
11100821168,9789869468343,True,True
11100821169,9789861898056,True,True
11100821170,9789864811731,True,True
11100821171,9789864811748,True,True
11100821172,9789888466108,True,True
11100821173,9789864811762,True,True
11100821174,9789888466160,True,True
11100821175,9789861897912,True,True
11100821176,9789861898087,True,True
11100821177,9789861898063,True,True
11100821178,11100821178,True,True
11100821179,9789861898117,True,True
11100821180,9789861900681,True,True
11100821181,9789864050468,True,True
11100821182,9789869311298,True,True
11100821183,11100821183,True,True
11100821184,9789864811786,True,True
11100821185,9789574613335,True,True
11100821186,9789864811809,True,True
11100821187,9789869507769,True,True
11100821188,11100821188,True,True
11100821189,9789863982708,True,True
11100821190,9789862138045,True,True
11100821191,9789862138083,True,True
11100821192,9789862138090,True,True
11100821193,9789862138106,True,True
11100821194,9789862138113,True,True
11100821195,9789862138120,True,True
11100821196,9789862138137,True,True
11100821197,11100821197,True,True
11100821198,9789864792719,True,True
11100821199,9789862356029,True,True
11100821200,9789869435680,True,True
11100821201,9789575504830,True,True
11100821202,9789864001699,True,True
11100821203,9789864001682,True,True
11100821204,9789865681784,True,True
11100821205,9789862893449,True,True
11100821206,9789862893517,True,True
11100821207,9789862893524,True,True
11100821208,9789863444497,True,True
11100821209,9789863444718,True,True
11100821210,9789864863037,True,True
11100821211,9789864825349,True,True
11100821212,9789864822218,True,True
11100821213,9789864829521,True,True
11100821214,9789864862023,True,True
11100821215,9789863376163,True,True
11100821216,9789864821341,True,True
11100821217,9789864624478,True,True
11100821218,9789864700530,True,True
11100821219,9789864860098,True,True
11100821220,9789864825431,True,True
11100821221,9789864707850,True,True
11100821222,9789864709557,True,True
11100821223,9789864829613,True,True
11100821224,9789864829606,True,True
11100821225,11100821225,True,True
11100821226,11100821226,True,True
11100821227,9789864860388,True,True
11100821228,11100821228,True,True
11100821229,9789863444732,True,True
11100821230,9789863444763,True,True
11100821231,9789869476799,True,True
11100821232,9789861969640,True,True
11100821233,9789570919608,True,True
11100821234,9789571172347,True,True
11100821235,9789571171685,True,True
11100821236,9789571156330,True,True
11100821237,9789865767822,True,True
11100821238,9789864001750,True,True
11100821239,9789869478137,True,True
11100821240,9789864764792,True,True
11100821241,9789864765416,True,True
11100821242,9789864765256,True,True
11100821243,11100821243,True,True
11100821244,11100821244,True,True
11100821245,11100821245,True,True
11100821246,9789887811923,True,True
11100821247,11100821247,True,True
11100821248,11100821248,True,True
11100821249,11100821249,True,True
11100821250,9789864891764,True,True
11100821251,9789865730796,True,True
11100821252,9789864083022,True,True
11100821253,9789865730680,True,True
11100821254,9789864590988,True,True
11100821255,9789864772810,True,True
11100821256,11100821256,True,True
11100821257,9789579045704,True,True
11100821258,9789869485630,True,True
11100821259,9789863232254,True,True
11100821260,9789869475464,True,True
11100821261,11100821261,True,True
11100821262,11100821262,True,True
11100821263,11100821263,True,True
11100821264,11100821264,True,True
11100821265,11100821265,True,True
11100821266,11100821266,True,True
11100821267,11100821267,True,True
11100821268,11100821268,True,True
11100821269,11100821269,True,True
11100821270,11100821270,True,True
11100821271,11100821271,True,True
11100821272,11100821272,True,True
11100821273,11100821273,True,True
11100821274,11100821274,True,True
11100821275,11100821275,True,True
11100821276,11100821276,True,True
11100821277,11100821277,True,True
11100821278,11100821278,True,True
11100821279,11100821279,True,True
11100821280,11100821280,True,True
11100821281,11100821281,True,True
11100821282,11100821282,True,True
11100821283,11100821283,True,True
11100821284,11100821284,True,True
11100821285,11100821285,True,True
11100821286,11100821286,True,True
11100821287,11100821287,True,True
11100821288,11100821288,True,True
